Workbook

Sheet Product List
A1: Product Master List
A3: Product ID | B3: Product Name | C3: Category | D3: Unit Price
A4: P001 | B4: Laptop 14" | C4: Electronics | D4: 55000
A5: P002 | B5: Monitor 24" | C5: Electronics | D5: 9500
A6: P003 | B6: Mechanical Keyboard | C6: Accessories | D6: 3200
A7: P004 | B7: Wireless Mouse | C7: Accessories | D7: 900
A8: P005 | B8: Noise Cancelling Headset | C8: Audio | D8: 4500
A9: P006 | B9: USB-C Dock | C9: Accessories | D9: 2800
A10: P007 | B10: Webcam 1080p | C10: Electronics | D10: 2200
A11: P008 | B11: Office Chair | C11: Furniture | D11: 8500

Sheet Sales Orders
A1: Sales Orders — Auto-filled via INDEX/MATCH
A3: Order ID | B3: Product ID | C3: Product Name | D3: Category | E3: Unit Price | F3: Qty | G3: Total
A4: SO-2000 | B4: P004 | C4: =INDEX('Product List'!$B$4:$B$11,MATCH(B4,'Product List'!$A$4:$A$11,0)) -> Wireless Mouse | D4: =INDEX('Product List'!$C$4:$C$11,MATCH(B4,'Product List'!$A$4:$A$11,0)) -> Accessories | E4: =INDEX('Product List'!$D$4:$D$11,MATCH(B4,'Product List'!$A$4:$A$11,0)) -> 900 | F4: 10 | G4: =E4*F4 -> 9000
A5: SO-2001 | B5: P003 | C5: =INDEX('Product List'!$B$4:$B$11,MATCH(B5,'Product List'!$A$4:$A$11,0)) -> Mechanical Keyboard | D5: =INDEX('Product List'!$C$4:$C$11,MATCH(B5,'Product List'!$A$4:$A$11,0)) -> Accessories | E5: =INDEX('Product List'!$D$4:$D$11,MATCH(B5,'Product List'!$A$4:$A$11,0)) -> 3200 | F5: 6 | G5: =E5*F5 -> 19200
A6: SO-2002 | B6: P008 | C6: =INDEX('Product List'!$B$4:$B$11,MATCH(B6,'Product List'!$A$4:$A$11,0)) -> Office Chair | D6: =INDEX('Product List'!$C$4:$C$11,MATCH(B6,'Product List'!$A$4:$A$11,0)) -> Furniture | E6: =INDEX('Product List'!$D$4:$D$11,MATCH(B6,'Product List'!$A$4:$A$11,0)) -> 8500 | F6: 11 | G6: =E6*F6 -> 93500
A7: SO-2003 | B7: P002 | C7: =INDEX('Product List'!$B$4:$B$11,MATCH(B7,'Product List'!$A$4:$A$11,0)) -> Monitor 24" | D7: =INDEX('Product List'!$C$4:$C$11,MATCH(B7,'Product List'!$A$4:$A$11,0)) -> Electronics | E7: =INDEX('Product List'!$D$4:$D$11,MATCH(B7,'Product List'!$A$4:$A$11,0)) -> 9500 | F7: 10 | G7: =E7*F7 -> 95000
A8: SO-2004 | B8: P001 | C8: =INDEX('Product List'!$B$4:$B$11,MATCH(B8,'Product List'!$A$4:$A$11,0)) -> Laptop 14" | D8: =INDEX('Product List'!$C$4:$C$11,MATCH(B8,'Product List'!$A$4:$A$11,0)) -> Electronics | E8: =INDEX('Product List'!$D$4:$D$11,MATCH(B8,'Product List'!$A$4:$A$11,0)) -> 55000 | F8: 15 | G8: =E8*F8 -> 825000
A9: SO-2005 | B9: P008 | C9: =INDEX('Product List'!$B$4:$B$11,MATCH(B9,'Product List'!$A$4:$A$11,0)) -> Office Chair | D9: =INDEX('Product List'!$C$4:$C$11,MATCH(B9,'Product List'!$A$4:$A$11,0)) -> Furniture | E9: =INDEX('Product List'!$D$4:$D$11,MATCH(B9,'Product List'!$A$4:$A$11,0)) -> 8500 | F9: 5 | G9: =E9*F9 -> 42500
A10: SO-2006 | B10: P004 | C10: =INDEX('Product List'!$B$4:$B$11,MATCH(B10,'Product List'!$A$4:$A$11,0)) -> Wireless Mouse | D10: =INDEX('Product List'!$C$4:$C$11,MATCH(B10,'Product List'!$A$4:$A$11,0)) -> Accessories | E10: =INDEX('Product List'!$D$4:$D$11,MATCH(B10,'Product List'!$A$4:$A$11,0)) -> 900 | F10: 4 | G10: =E10*F10 -> 3600
A11: SO-2007 | B11: P008 | C11: =INDEX('Product List'!$B$4:$B$11,MATCH(B11,'Product List'!$A$4:$A$11,0)) -> Office Chair | D11: =INDEX('Product List'!$C$4:$C$11,MATCH(B11,'Product List'!$A$4:$A$11,0)) -> Furniture | E11: =INDEX('Product List'!$D$4:$D$11,MATCH(B11,'Product List'!$A$4:$A$11,0)) -> 8500 | F11: 9 | G11: =E11*F11 -> 76500
A12: SO-2008 | B12: P008 | C12: =INDEX('Product List'!$B$4:$B$11,MATCH(B12,'Product List'!$A$4:$A$11,0)) -> Office Chair | D12: =INDEX('Product List'!$C$4:$C$11,MATCH(B12,'Product List'!$A$4:$A$11,0)) -> Furniture | E12: =INDEX('Product List'!$D$4:$D$11,MATCH(B12,'Product List'!$A$4:$A$11,0)) -> 8500 | F12: 7 | G12: =E12*F12 -> 59500
A13: SO-2009 | B13: P003 | C13: =INDEX('Product List'!$B$4:$B$11,MATCH(B13,'Product List'!$A$4:$A$11,0)) -> Mechanical Keyboard | D13: =INDEX('Product List'!$C$4:$C$11,MATCH(B13,'Product List'!$A$4:$A$11,0)) -> Accessories | E13: =INDEX('Product List'!$D$4:$D$11,MATCH(B13,'Product List'!$A$4:$A$11,0)) -> 3200 | F13: 4 | G13: =E13*F13 -> 12800
A14: SO-2010 | B14: P003 | C14: =INDEX('Product List'!$B$4:$B$11,MATCH(B14,'Product List'!$A$4:$A$11,0)) -> Mechanical Keyboard | D14: =INDEX('Product List'!$C$4:$C$11,MATCH(B14,'Product List'!$A$4:$A$11,0)) -> Accessories | E14: =INDEX('Product List'!$D$4:$D$11,MATCH(B14,'Product List'!$A$4:$A$11,0)) -> 3200 | F14: 14 | G14: =E14*F14 -> 44800
A15: SO-2011 | B15: P007 | C15: =INDEX('Product List'!$B$4:$B$11,MATCH(B15,'Product List'!$A$4:$A$11,0)) -> Webcam 1080p | D15: =INDEX('Product List'!$C$4:$C$11,MATCH(B15,'Product List'!$A$4:$A$11,0)) -> Electronics | E15: =INDEX('Product List'!$D$4:$D$11,MATCH(B15,'Product List'!$A$4:$A$11,0)) -> 2200 | F15: 12 | G15: =E15*F15 -> 26400
... A23: SO-2019 | B23: P008 | C23: =INDEX('Product List'!$B$4:$B$11,MATCH(B23,'Product List'!$A$4:$A$11,0)) -> Office Chair | D23: =INDEX('Product List'!$C$4:$C$11,MATCH(B23,'Product List'!$A$4:$A$11,0)) -> Furniture | E23: =INDEX('Product List'!$D$4:$D$11,MATCH(B23,'Product List'!$A$4:$A$11,0)) -> 8500 | F23: 15 | G23: =E23*F23 -> 127500

Sheet Category Report
A1: Category-wise Sales Report
A3: Category | B3: Total Revenue | C3: Orders | D3: Avg Order Value
A4: Electronics | B4: =SUMIFS('Sales Orders'!G:G,'Sales Orders'!D:D,A4) -> 2666700 | C4: =COUNTIFS('Sales Orders'!D:D,A4) -> 9 | D4: =IFERROR(B4/C4,0) -> 296300
A5: Accessories | B5: =SUMIFS('Sales Orders'!G:G,'Sales Orders'!D:D,A5) -> 89400 | C5: =COUNTIFS('Sales Orders'!D:D,A5) -> 5 | D5: =IFERROR(B5/C5,0) -> 17880
A6: Audio | B6: =SUMIFS('Sales Orders'!G:G,'Sales Orders'!D:D,A6) -> 36000 | C6: =COUNTIFS('Sales Orders'!D:D,A6) -> 1 | D6: =IFERROR(B6/C6,0) -> 36000
A7: Furniture | B7: =SUMIFS('Sales Orders'!G:G,'Sales Orders'!D:D,A7) -> 399500 | C7: =COUNTIFS('Sales Orders'!D:D,A7) -> 5 | D7: =IFERROR(B7/C7,0) -> 79900
